{"_wandb":{"runtime":55},"train_accuracy":0.9571481481481482,"train_f1":0.9569336924817785,"_runtime":55,"epoch":1,"val_f1":0.9482877195558933,"_step":1,"val_accuracy":0.9483333333333334,"train_loss":0.2986119855468302,"test_f1":0.9537109786614751,"test_accuracy":0.954,"data_exploration/sample_images":{"artifact_path":"wandb-client-artifact://zcwn7hlejs5vdyh256qom1dvuevknorkj6bbzjhbqmqpm35008ay94cmklvo9vqe3lmb9lg1srt4i6uvz99ac1o994d4uxz5cgpdd24x0vvpaybde6vntk7odr0vu94i/data_exploration/sample_images.table.json","log_mode":"IMMUTABLE","path":"media/table/data_exploration/sample_images_0_072a51a3c62cb505c62c.table.json","ncols":7,"_type":"table-file","_latest_artifact_path":"wandb-client-artifact://1je2rpsk08d36fq9fw9y25ktkfhrws0zx8jbaio0yuz763ge9yt96kfi8v7ywvrcfeh47c7bxh0c5vpsl7fv0a1rspgx1ifjkyeknhizpiyqf09medjgizpwra5pjgtp:latest/data_exploration/sample_images.table.json","sha256":"072a51a3c62cb505c62caa9e73b19b88ef57fd03424dec252618ef9fa11b44c5","nrows":10,"size":654},"_timestamp":1.7728329141109416e+09}